"","nbr.val","nbr.null","nbr.na","min","max","range","sum","median","mean","SE.mean","CI.mean.0.95","var","std.dev","coef.var"
"E1",53984,0,238,0.00402390184902817,0.959115013604104,0.955091111755076,24437.1625558915,0.447378504956373,0.452674173012216,0.000892277377999866,0.00174887073689971,0.0429798430989684,0.207315805231942,0.457980193242319
"E2",53984,0,238,0.00402390184902817,0.954306628409103,0.950282726560075,23638.6726606106,0.433443114251542,0.437882940512201,0.000845393997121469,0.00165697893857916,0.0385818795037609,0.196422706181747,0.448573552447572
"E3",53962,0,260,0.00458715596330275,1,0.995412844036697,49606.7656611154,1,0.919290716821381,0.000916943554495205,0.00179721665486957,0.0453704661867153,0.213003441725047,0.231704114734831
"E4",53962,6093,260,0,0.991391217289637,0.991391217289637,21069.3641435131,0.384719380625767,0.390448169888312,0.00120784506113748,0.00236738592003438,0.0787246055442813,0.28057905400133,0.718607681223323
"E5",53984,0,238,0.0010077519379845,0.994415839049242,0.993408087111258,27575.9522830446,0.51582197028003,0.510817136244898,0.000952117467743293,0.00186615778734619,0.0489379898658645,0.221219325254067,0.433069506791191
"E6",53962,0,260,0.000526916659348381,0.98469630624803,0.984169389588682,24285.3595549351,0.435403737691307,0.450045579387998,0.00104435880378757,0.00204695155620564,0.0588555607548052,0.242601650354661,0.539060178492514
"E7",53962,9626,260,0,0.999159663865546,0.999159663865546,23129.7722077097,0.424516626190921,0.428630743999662,0.00140993757044651,0.00276348884455358,0.107272352327859,0.32752458278404,0.764118270490412
"E8",53962,9305,260,0,0.999173553719008,0.999173553719008,23491.2988773187,0.433195981034093,0.43533039689631,0.00141088621475527,0.00276534819493878,0.107416752396652,0.327744950222962,0.752864841416131
"E9",53902,26834,320,0,0.998866213151927,0.998866213151927,13705.3272370752,0.0131006864988558,0.254263797949524,0.00133564834181932,0.00261788143134369,0.0961588228859389,0.310094861108563,1.21957928580191
"E10",53962,0,260,0.00122249388753056,0.999280575539568,0.998058081652038,29026.7742289891,0.554857117181884,0.537911386327213,0.00122551815321727,0.0024020253209802,0.0810452441684465,0.284684464220383,0.52924045011237
"E11",53962,21401,260,0,0.995283018867924,0.995283018867924,16532.7839485741,0.176082901554404,0.306378265234315,0.00143521156205823,0.00281302606899553,0.111152666680085,0.333395660859714,1.08818313402466
"E12",53962,197,260,0,0.999222395023328,0.999222395023328,27488.0780712516,0.515625,0.509396947319439,0.00125682177081819,0.0024633806602857,0.085238427197922,0.291956207671497,0.573140866288727
"E13",53962,7856,260,0,0.999178981937603,0.999178981937603,24627.0829546529,0.444852941176471,0.456378246815406,0.00137817910544087,0.0027012420007196,0.102494216569811,0.320147179543739,0.701495265775082
"E14",53984,0,238,0.000213310580204778,0.99983498349835,0.999621672918145,28644.9404103897,0.538684403233552,0.530619079919786,0.00119871216004794,0.00234948533983116,0.0775701949294445,0.278514263421902,0.524885504426274
"E15",53984,0,238,0.000124192747143567,0.999875838092873,0.999751645345729,28151.9059261908,0.527187992791169,0.521486105627423,0.00121550394815146,0.00238239737767784,0.0797586525929088,0.282415744236947,0.541559480088468
"E16",53984,13099,238,0,0.999781754692274,0.999781754692274,21380.0324236753,0.384548232213007,0.396043872697009,0.00142479479546715,0.00279260909815408,0.109589690652928,0.331043336517936,0.835875415174519
"E17",14318,0,39904,0.29,0.825,0.535,7702.00620602313,0.535,0.537924724544149,0.000687159863290968,0.00134692245285188,0.00676079748756721,0.0822240687850414,0.152854228544189
"E18",25749,921,28473,0,0.81,0.81,6861.10319920031,0.25,0.266460957676038,0.000923970859543593,0.00181103474071437,0.0219824916219581,0.148264937264203,0.556422744094702
"E19",25749,4140,28473,0,1,1,10340.9517234189,0.45,0.401605954538775,0.00143609493898104,0.00281482667834725,0.0531039309808252,0.230442901780083,0.573803498617783
"E20",25749,10873,28473,0,1,1,4930.3099014733,0.13,0.191475781640968,0.00135671762036917,0.00265924267897539,0.0473957388788684,0.217705624362046,1.13698778245627
"E21",25749,0,28473,0.25,1,0.75,25518.73,1,0.991057128432172,0.00030379993149086,0.000595464915883135,0.0023764884637283,0.0487492406477096,0.0491891327443754
"E24",14,0,54208,0.019774011299435,0.958333333333333,0.938559322033898,5.48367575221389,0.5,0.391691125158135,0.0763162311207104,0.164871193692553,0.0815383398545756,0.285549189903553,0.729016236424225
"E25",52236,29937,1986,0,0.96875,0.96875,17655.4413734774,0,0.337993747099269,0.00172195689414265,0.00337505170052033,0.154886820343528,0.393556629144432,1.16439026615733
"E28",6241,6241,47981,0,0,0,0,0,0,0,0,0,0,NA
"E33",1848,1526,52374,0,0.970588235294118,0.970588235294118,294.037995373866,0,0.159111469358152,0.00807778442005756,0.0158425482630042,0.120583110901037,0.347250789633424,2.18243719974566
"E36",5080,4314,49142,0,0.96797153024911,0.96797153024911,705.107963597962,0,0.138800780235819,0.00462586514126282,0.00906869020395078,0.108705031790164,0.329704461283381,2.37537901965119
"E37",53470,20314,752,0,0.980769230769231,0.980769230769231,22152.2470371475,0.619718309859155,0.414293006118337,0.00141574404653083,0.00277487015656184,0.107171589546722,0.327370721883803,0.790191282616763
"E40",33066,30265,21156,0,0.991071428571429,0.991071428571429,2667.08164784954,0,0.0806593373207991,0.00145878657703839,0.00285927381754099,0.0703663749987684,0.265266611164633,3.28872787671949
"E41",53631,15681,591,0,0.980769230769231,0.980769230769231,23925.9620189822,0.603448275862069,0.446121870168041,0.0012542084078152,0.00245825878835298,0.0843636401411974,0.290454196287809,0.651064688172323
"E42",53615,14256,607,0,0.96551724137931,0.96551724137931,24304.5032393427,0.597069597069597,0.453315363971701,0.00119519976083998,0.00234260137103495,0.0765891598385448,0.27674746582136,0.610496550120539
"E43",53320,10353,902,0,0.977272727272727,0.977272727272727,25636.6888358371,0.568627450980392,0.480808117701371,0.00105018380354857,0.00205836915796787,0.0588058826522892,0.242499242580857,0.504357629692668
"E44",53474,22595,748,0,0.98,0.98,21492.9172257595,0.638888888888889,0.401932102063798,0.00149742019516174,0.00293495608512924,0.119902998438722,0.346270123514463,0.861513976456403
"E46",2553,2350,51669,0,0.991379310344828,0.991379310344828,193.977803451393,0,0.0759803382104946,0.00512193479279298,0.0100435711597532,0.0669759535032042,0.258797128081446,3.40610655567864
"E55",49165,15067,5057,0,0.984375,0.984375,22409.7679625069,0.625,0.455807341859186,0.00138408610597131,0.00271282570602387,0.0941851126559408,0.306895931312132,0.673301860519268
"E58",22890,0,31332,0.000959692898272553,0.997863247863248,0.996903554964975,11414.903618998,0.5,0.49868517339441,0.00189443550521408,0.00371322171533031,0.0821495978713858,0.286617511452782,0.574746406639398
"E59",53228,23408,994,0,0.98936170212766,0.98936170212766,21178.4086521524,0.573333333333333,0.397880977157745,0.00156528196681573,0.00306796604513403,0.130414329229767,0.361129241726237,0.907631333133735
"E60",42322,27569,11900,0,0.994226327944573,0.994226327944573,11855.2494162735,0,0.280120254625809,0.00188899581079091,0.00370246964528701,0.151017811539562,0.388610102209865,1.38729740456998
"E62",46186,15047,8036,0,0.988636363636364,0.988636363636364,21678.3125750155,0.603734439834025,0.469369778179871,0.00157574674729785,0.00308848781305017,0.114678813207471,0.338642603946211,0.721483614176023
"E63",53233,18509,989,0,0.989607390300231,0.989607390300231,23119.4594184844,0.571862348178138,0.434306903959657,0.00142803793188858,0.00279896655664685,0.108557648864403,0.329480877843318,0.758636058601371
"E66",52652,43673,1570,0,0.997093023255814,0.997093023255814,7636.18381025057,0,0.145031220281292,0.00140604656898068,0.00275586398879578,0.104091264069502,0.32263177783582,2.22456776692679
"E67",40563,18768,13659,0,0.989607390300231,0.989607390300231,16690.628603378,0.576923076923077,0.411474215501269,0.00193883142180226,0.00380015315483604,0.152479046166571,0.390485654239142,0.948991794694697
"E68",53359,41567,863,0,0.997542997542998,0.997542997542998,9398.4429349078,0,0.176136039560483,0.00145502819470157,0.00285186754940744,0.112966714940963,0.336105214093686,1.90821375870821
"E86",53081,28443,1141,0,0.980769230769231,0.980769230769231,17983.7406314983,0,0.338798075234043,0.00162084585569158,0.00317687194272,0.139451286703687,0.373431769810346,1.10222518103852
"E87",52472,52398,1750,0,0.997653583617747,0.997653583617747,72.8124463178346,0,0.00138764381608924,0.000161212954921396,0.000315978874266292,0.00136372717453926,0.0369286768587673,26.6125041819755
"E91",47594,33845,6628,0,0.991071428571429,0.991071428571429,11165.6798561013,0,0.234602677986747,0.00170290318972315,0.00333771380428088,0.138016854146256,0.371506196645838,1.58355479926288
"E93",232,0,53990,0.0178571428571429,0.984375,0.966517857142857,114.824390681715,0.5,0.494932718455668,0.0189573141263231,0.0373513431189274,0.0833761040611083,0.28874920616533,0.583411028202602
"E94",52213,28908,2009,0,0.992063492063492,0.992063492063492,17663.8048435347,0,0.338302814309362,0.00166497574049498,0.00326336813700593,0.144741965972814,0.380449689148006,1.12458328176987
"E101",23849,19734,30373,0,0.988888888888889,0.988888888888889,3663.93132768932,0,0.153630396565446,0.00218418739392207,0.00428114590966996,0.113775817862097,0.337306711854504,2.19557274729036
"E102",10616,0,43606,0.0023696682464455,0.954545454545455,0.952175786299009,5239.54720764224,0.530429249103321,0.493551922347611,0.00262297010701893,0.00514151319701828,0.073037784687455,0.270255036377595,0.547571641686875
"E105",52187,31510,2035,0,0.987179487179487,0.987179487179487,16283.3046130025,0,0.312018407132092,0.00169926680529022,0.00333057898552622,0.150690363064514,0.388188566375304,1.24412072333593
"E107",49283,35488,4939,0,0.99438202247191,0.99438202247191,11689.8353418074,0,0.237198127991546,0.00172086155173846,0.00337290950232673,0.145944925680245,0.382027388651972,1.61058348936712
"E108",45993,37774,8229,0,0.99537037037037,0.99537037037037,7232.01550502952,0,0.157241656448362,0.00157816475325634,0.0030932274820296,0.11455034923943,0.338452875950893,2.15243774197991
"E111",205,0,54017,0.0208333333333333,0.983870967741935,0.963037634408602,109.327952810546,0.529411764705882,0.53330708688071,0.0193185530491414,0.0380896354886025,0.0765073308420606,0.276599585759018,0.518649747140691
"E119",52812,17992,1410,0,0.980769230769231,0.980769230769231,23485.9754276372,0.611683848797251,0.444709070431667,0.00141806544008599,0.00277942089125399,0.106200157392048,0.325883656221124,0.732801910032547
"E123",40782,32647,13440,0,0.995689655172414,0.995689655172414,7158.95953168494,0,0.175542139465572,0.00174526332484507,0.00342075478689613,0.124219691187095,0.352448139712916,2.00776942098305
"E124",48839,28218,5383,0,0.991935483870968,0.991935483870968,16411.2475455958,0,0.336027509686844,0.00178943484854538,0.00350731477847671,0.156386242372815,0.395457004455371,1.17685901616779
"E133",1319,0,52903,0.00390625,0.964285714285714,0.960379464285714,667.441057180873,0.534615384615385,0.506020513404756,0.00727959001834944,0.0142808486450831,0.0698970162716984,0.264380438519378,0.522469804120184
"E134",46873,30184,7349,0,0.991228070175439,0.991228070175439,13459.3931734312,0,0.287145972594697,0.00179652550904682,0.00352121622254316,0.151282790522937,0.388950884460927,1.35454062247959
"E135",471,0,53751,0.0142857142857142,0.99375,0.979464285714286,254.645686482648,0.55952380952381,0.540649015886726,0.0131857613545088,0.0259103397885576,0.081890086476585,0.286164439573797,0.529297994012722
"E136",12383,0,41839,0.00224215246636772,0.997777777777778,0.99553562531141,6331.2246181682,0.5125,0.511283583797803,0.00254952113620584,0.00499745811527431,0.0804902185107007,0.283707981048649,0.554893585554366
"E137",1307,0,52915,0.0185185185185185,0.96875,0.950231481481482,670.312992020898,0.53125,0.512863804147588,0.00749598349010981,0.0147054860899727,0.0734400274085865,0.270998205544956,0.528401894135174
"E138",14764,0,39458,0.00207468879668049,0.997267759562842,0.995193070766161,7313.58550573012,0.5,0.49536612745395,0.00237088181174104,0.00464722397108217,0.0829896334652693,0.288079213872277,0.581548066988205
"E139",8437,0,45785,0.00312500000000004,0.95,0.946875,4185.08372257288,0.573529411764706,0.496039317597829,0.00249685429576144,0.00489444672893751,0.0525986319546514,0.229343916323611,0.462350277865584
"E140",11826,0,42396,0.00230414746543783,0.997005988023952,0.994701840558514,5969.34491674735,0.5,0.504764494905069,0.00260957832704969,0.00511520310883585,0.0805338661062584,0.283784894076937,0.562212471244255
"E141",31354,0,22868,0.00120192307692313,0.998798076923077,0.997596153846154,15479.9792302454,0.49390243902439,0.493716247695521,0.00160368237042622,0.00314328103317128,0.0806361276910978,0.283965011385378,0.57515832770507
"E142",15147,0,39075,0.00190114068441061,0.997222222222222,0.995321081537812,7560.85796517175,0.5,0.499165376983677,0.00231548483265135,0.00453862957447863,0.0812101862450819,0.28497400977121,0.570900993761291
"E143",22273,0,31949,0.00160771704180063,0.998371335504886,0.996763618463085,11060.9767698463,0.5,0.496609202615107,0.00191479135688251,0.00375312605964311,0.0816623049703499,0.285766171843957,0.575434708698778
"E144",5723,0,48499,0.000564334085778828,0.997304582210243,0.996740248124464,2921.59163168191,0.513052208835341,0.510500023009245,0.00376432160181538,0.00737949573204841,0.0810955802885987,0.284772857359332,0.557831233151923
"E145",35568,26698,18654,0,0.992424242424242,0.992424242424242,7672.34790525039,0,0.215709286584862,0.00198990326991482,0.00390027147007261,0.140839143960034,0.375285416663151,1.73977403849745
"E146",17222,0,37000,0.00220264317180617,0.99740932642487,0.995206683253064,8713.17451700341,0.503939205955335,0.505932790442655,0.00218769652135916,0.00428810777695542,0.0824247687500827,0.28709714166129,0.5674610285886
"E147",5059,0,49163,0.00420168067226889,0.995762711864407,0.991561031192138,2525.153324926,0.5,0.499140803503855,0.00395609331047875,0.00775565630646529,0.0791767611886653,0.281383654800106,0.563736029643052
"E149",1809,1732,52413,0,0.989090909090909,0.989090909090909,74.6778773576146,0,0.0412813031274818,0.00460478248655312,0.00903125372918874,0.0383580753429757,0.195852177274024,4.74433126951463
"E151",52416,37915,1806,0,0.991379310344828,0.991379310344828,12373.6700855075,0,0.236066660666733,0.0016710659589675,0.00327530472851963,0.146369658798154,0.382582878339,1.62065612000634
"E152",49903,40371,4319,0,0.993150684931507,0.993150684931507,8467.33941761604,0,0.169675959714166,0.00156546481792592,0.00306832908397994,0.122296288838863,0.349708862968703,2.06103954595464
"E153",53307,29957,915,0,0.989247311827957,0.989247311827957,17914.7598316516,0,0.336067680260596,0.00166130920516495,0.00325618014402467,0.147124562704263,0.383568198244149,1.14134211878607
"E155",52851,31409,1371,0,0.994505494505495,0.994505494505495,15725.4836120214,0,0.297543728822944,0.00158819135847705,0.00311286915372126,0.133308814513603,0.365114796349864,1.22709625840284
"E156",53455,32204,767,0,0.99468085106383,0.99468085106383,15463.7559378564,0,0.289285491307762,0.00156131197686361,0.00306018453534655,0.130306990987721,0.360980596414435,1.24783512226128
"E157",52439,40013,1783,0,0.994505494505495,0.994505494505495,10503.3412771864,0,0.20029636867954,0.00157569926852336,0.00308838510230636,0.130197027184041,0.360828251643411,1.80147175918457
"E158",52801,30484,1421,0,0.992647058823529,0.992647058823529,16877.0041874768,0,0.319634177145826,0.0016432695106511,0.00322082289051187,0.142580371683439,0.377598161652621,1.1813447642689
"E163",2254,1955,51968,0,0.997975708502024,0.997975708502024,203.646799903393,0,0.090349068280121,0.00500923495000374,0.00982319729668596,0.0565583480039,0.237819990757505,2.6322351218959
"E168",238,211,53984,0,0.900584795321637,0.900584795321637,22.762063185725,0,0.0956389209484245,0.0173907100547545,0.0342601163658327,0.071979957497632,0.268290807702448,2.80524712158903
"E169",52916,30424,1306,0,0.995762711864407,0.995762711864407,16350.0027028241,0,0.308980321695217,0.00159469499709298,0.00312561625517868,0.134568146709694,0.366835312789941,1.18724490536259
"E174",118,0,54104,0.0384615384615384,0.961538461538462,0.923076923076923,55.4918387168387,0.45,0.470269819634226,0.0237736474649871,0.0470824630339794,0.0666919850271594,0.258247913887333,0.549148389084796
"E175",104,0,54118,0.0416666666666666,0.954545454545455,0.912878787878788,56.7095779220779,0.5625,0.545284403096903,0.0257971355589348,0.0511625339918958,0.0692111891167901,0.263080195219614,0.482464185158184
"E176",226,226,53996,0,0,0,0,0,0,0,0,0,0,NA
"E178",8617,6933,45605,0,0.986725663716814,0.986725663716814,1431.48429681998,0,0.166123279194613,0.00365285987118897,0.00716047968075982,0.114979950600522,0.339086936640919,2.0411765183354
"E180",366,0,53856,0.0263157894736842,0.944444444444444,0.91812865497076,181.302217348928,0.5,0.495361249587235,0.0143425227106301,0.0282043499836383,0.0752891125200078,0.274388615871737,0.553916189650229
"E181",11461,8931,42761,0,0.986842105263158,0.986842105263158,2191.38576751049,0,0.191203714118357,0.00336615118643234,0.00659823197261664,0.129864290835492,0.360366883655382,1.88472742444904
"E183",608,0,53614,0.0121951219512195,0.985294117647059,0.973098995695839,308.241137156258,0.5,0.506975554533319,0.0117104340993347,0.0229978855191318,0.083377634211275,0.288751855771136,0.569557749262561
"E184",9668,7218,44554,0,0.991666666666667,0.991666666666667,2073.21161124628,0,0.21444058866842,0.00375734190097823,0.00736517696460858,0.136489132379066,0.369444356269068,1.72282849325844
"E188",1998,1364,52224,0,0.958333333333333,0.958333333333333,540.024475879454,0,0.270282520460187,0.00889605093889092,0.0174465135183775,0.158121165170069,0.397644521111595,1.47121804412124
"E189",24203,17821,30019,0,0.989130434782609,0.989130434782609,5230.83024334173,0,0.21612321792099,0.00234435451111841,0.00459508021285911,0.133019641380212,0.364718578331584,1.68754926860712
"E190",35,0,54187,0.0714285714285714,0.928571428571429,0.857142857142857,16.75,0.5,0.478571428571429,0.0444104595288793,0.0902529125338417,0.0690301120448179,0.262735821776967,0.549000224608587
"E191",6731,5255,47491,0,0.989130434782609,0.989130434782609,1269.6924256664,0,0.188633550091576,0.0043558144293662,0.00853877506615896,0.127708066298237,0.357362653754189,1.89448087882935
"E193",9571,7726,44651,0,0.987179487179487,0.987179487179487,1614.36227808004,0,0.16867226810992,0.00353946225648668,0.00693809604040198,0.119903507426012,0.346270858470667,2.05292110167755
"E194",1973,0,52249,0.0128205128205128,0.987179487179487,0.974358974358974,963.088895436651,0.5,0.48813426023145,0.00637645576379146,0.0125052990077542,0.0802205781362739,0.283232374802518,0.580234574537387
"E195",231,201,53991,0,0.928571428571429,0.928571428571429,25.6490480632513,0,0.111034840100655,0.0189720414413351,0.037381216055754,0.083145760340351,0.288350065615306,2.59693322702956
"E196",23269,10951,30953,0,0.991379310344828,0.991379310344828,8558.43540612432,0.583333333333333,0.367804177494707,0.00232635632008554,0.00455981179659132,0.125930285916877,0.354866574809289,0.964824753287085
"E197",963,0,53259,0.00337837837837838,0.984848484848485,0.981470106470106,462.1162449007,0.483695652173913,0.479871490031879,0.00895371109242623,0.017571058260893,0.077202691460551,0.277853723136025,0.579016942885202
"E202",40320,0,13902,0.000176928520877565,0.994791666666667,0.994614738145789,20559.0861457783,0.420713499921421,0.509897969885374,0.00126027073731963,0.00247015940934856,0.0640395435997965,0.25306035564623,0.496296064295213
"E209",53119,31765,1103,0,0.999034749034749,0.999034749034749,14607.3837170075,0,0.27499357512392,0.00148053591065575,0.00290186318551342,0.116436135288633,0.341227395278622,1.24085588226872
"E215",53360,21796,862,0,0.998771498771499,0.998771498771499,19234.0815138748,0.516235813366961,0.36045879898566,0.00135271967246975,0.00265134198070487,0.0976408233356163,0.312475316362135,0.866882199134682
"E217",53542,19032,680,0,0.998847926267281,0.998847926267281,20494.1507132781,0.508250825082508,0.382767747063578,0.00128922860329991,0.00252689875415365,0.0889927145852608,0.29831646717079,0.779366781708594
"E219",45229,10145,8993,0,0.998463114754098,0.998463114754098,20847.519358427,0.543795620437956,0.46093257331418,0.00121814830377823,0.00238759069848012,0.0671146477813096,0.259064948963208,0.562045218675889
"E234",53226,26555,996,0,0.99748743718593,0.99748743718593,17265.8032714464,0.514817150063052,0.324386639451517,0.00145547251313708,0.0028527385789986,0.112753970987819,0.335788580788297,1.03514923227436
"E235",53510,22426,712,0,0.997991967871486,0.997991967871486,18866.9659192661,0.522292993630573,0.352587664348087,0.00133942467692118,0.00262528351022445,0.0960000684699308,0.309838778189449,0.878756716467442
"E239",49572,0,4650,0.000631512472371329,0.993303571428571,0.9926720589562,24638.0780741813,0.548239335814486,0.497016018602867,0.000965443207374297,0.00189228011895987,0.0462050988421658,0.214953713255123,0.432488501797924
"E240",54031,6904,191,0,0.84,0.84,25924.2400065563,0.522099447513812,0.479803076133262,0.000821597499694321,0.00161033758350019,0.0364721380772105,0.190976799840217,0.398031628682545
"E241",50772,0,3450,0.000513347022587269,0.999856979405034,0.999343632382447,26277.016695777,0.522613065326633,0.517549371617762,0.0012455216999307,0.00244123587210068,0.0787638376133719,0.280648957976636,0.542265092699042
"E242",54031,35931,191,0,0.997652582159624,0.997652582159624,12462.2222430157,0,0.230649483500503,0.00142476913140619,0.00279255874192404,0.109681151181042,0.331181447519395,1.43586468303829
"E243",54031,3846,191,0,0.908296943231441,0.908296943231441,26327.7640203963,0.508578431372549,0.487271455653168,0.000616053117356662,0.00120746897194914,0.0205059231086081,0.143198893531368,0.293879093203635
"E244",13046,0,41176,0.00203252032520325,0.998316498316498,0.996283977991295,6473.34915528373,0.5,0.49619417103202,0.00250978425434763,0.00491954320069145,0.0821769758259816,0.286665267910121,0.577728003764926
"E245",54031,34894,191,0,0.99746835443038,0.99746835443038,12508.09842666,0,0.231498555026929,0.001387864403561,0.00272022518409302,0.104072761739957,0.322603102495863,1.393542618261
"E246",53490,0,732,0.003125,0.999693251533742,0.996568251533742,27210.3306306932,0.486440677966102,0.508699394853117,0.00117794093223658,0.00230877404669217,0.074219773482955,0.272433062389562,0.535548233683716
"E247",54031,23200,191,0,0.993975903614458,0.993975903614458,20204.9215342823,0.535714285714286,0.373950538288804,0.0014324377833998,0.00280758936035299,0.110865020396915,0.332963992643221,0.890395810544525
"E248",52053,0,2169,0.000213675213675213,0.998724489795918,0.998510814582243,25177.1796463028,0.479452054794521,0.4836835465065,0.00123095779028317,0.00241268903765913,0.0788736768611761,0.280844577767092,0.580637029718186
"E250",54031,0,191,0.000495049504950495,0.987817796610169,0.987322747105219,28523.547947533,0.529113924050633,0.527910790981713,0.00114538520589583,0.00224496404300816,0.0708836616991582,0.266239857457816,0.504327363649285
"E251",53027,0,1195,0.000579374275782155,0.999309392265193,0.998730017989411,26431.4901753124,0.498456790123457,0.498453432691128,0.00122434659390179,0.00239973000455121,0.079488776509657,0.281937540085844,0.565624633305615
"E252",54031,6161,191,0,0.958515283842795,0.958515283842795,26205.8496184678,0.511652542372881,0.485015076871941,0.000799457011015446,0.00156694205095546,0.0345329147498209,0.185830338615149,0.383143426826325
"E253",54031,19816,191,0,0.926096997690531,0.926096997690531,21651.217403636,0.547548291233284,0.400718428376969,0.00134924841910711,0.00264453754980361,0.0983618846191942,0.313626983244736,0.782661742099111
"E254",44375,0,9847,0.00127551020408163,0.987179487179487,0.985903976975406,22103.6602409877,0.556451612903226,0.498110653318032,0.00109537375366867,0.00214695166797013,0.0532430624225372,0.230744582650465,0.463239605724995
"E255",54031,9872,191,0,0.923076923076923,0.923076923076923,25164.7131945732,0.534883720930233,0.465745834698102,0.000984234532753977,0.00192910745183884,0.0523407814812131,0.228781077629277,0.491214436254858
"E257",54031,49547,191,0,0.998826291079812,0.998826291079812,4014.97623814261,0,0.0743087530888307,0.00106420909994603,0.0020858582346996,0.0611923232252899,0.247370821289193,3.32895938912444
"E258",54031,8842,191,0,0.974683544303797,0.974683544303797,25402.7149739123,0.52165752237944,0.470150746310679,0.000947517104024538,0.00185714100175287,0.0485084192191635,0.220246269478426,0.468458831995314
"E259",54031,52192,191,0,0.999161073825503,0.999161073825503,1719.75413241129,0,0.0318290265294237,0.000730741489648104,0.00143225908676824,0.0288516422102945,0.169857711659773,5.33656634150439
"E260",53592,0,630,0.00909090909090909,0.999596774193548,0.990505865102639,26214.6495509052,0.451127819548872,0.489152290470689,0.00113087088122964,0.00221651625887073,0.0685371447691023,0.261795998382524,0.535203460113841
"E261",2983,0,51239,0.00510204081632653,0.988095238095238,0.982993197278912,1522.29728614819,0.5,0.510324266224671,0.00504827432558598,0.00989845352005655,0.0760219747467835,0.275720827553494,0.540285551367662
"E262",38551,0,15671,0.000154990700558022,0.999157965644998,0.99900297494444,18415.779215183,0.47,0.477699131415086,0.00142640395484193,0.00279578815896064,0.0784369533723272,0.28006598039092,0.586281117073171
"E263",52393,0,1829,0.000788394828129927,0.9996,0.99881160517187,26508.3693438136,0.501162790697674,0.505952500215938,0.00123111844185337,0.00241300355213927,0.0794095876081398,0.281797068132619,0.556963485727118
"E264",40245,0,13977,0.00048,0.96875,0.96827,19951.4768430856,0.562138728323699,0.495750449573504,0.00107874532121651,0.00211436556897471,0.0468327631315323,0.216408787094083,0.436527666853879
"E265",33970,0,20252,0.152173913043478,0.999637286906057,0.847463373862579,16914.6710818493,0.452991452991453,0.497929675650552,0.000834789774198386,0.00163621619281033,0.0236728086625974,0.153859704479754,0.308998864706617
"E267",53066,0,1156,0.000473036896877956,0.999506416584403,0.999033379687525,26544.4649609675,0.517006802721088,0.500216050973646,0.00119888841376226,0.00234983170997381,0.0762735357249212,0.27617663862992,0.552114707419635
"E269",54031,42788,191,0,0.998837209302326,0.998837209302326,9480.9604868066,0,0.175472608073265,0.00148056281728007,0.00290191480656413,0.118439531873197,0.34415044947406,1.96127733697539
"E270",43701,0,10521,0.000157529930686851,0.999847700274139,0.999690170343453,24659.9413496524,0.59083044982699,0.564287804618942,0.00130105610583609,0.00255009373955646,0.0739747362332986,0.271982970483997,0.481993352076188
"E289",4097,0,50125,0.0087719298245614,0.99,0.981228070175439,2020.85333375768,0.5,0.49325197309194,0.00450263471997073,0.00882761042530476,0.0830614284698278,0.288203796765115,0.58429324663116
"E296",13259,8627,40963,0,0.991666666666667,0.991666666666667,3592.70175231835,0,0.270963251551275,0.00324704113297188,0.00636466472639243,0.139793298064623,0.373889419567635,1.37985286723238
"E301",52067,34180,2155,0,0.993243243243243,0.993243243243243,14206.1297583885,0,0.272843255005829,0.00167074329736584,0.00327467281568242,0.145338947288131,0.381233455100848,1.39726179081357
"E303",53677,17936,545,0,0.990384615384615,0.990384615384615,22503.5298681252,0.569767441860465,0.419239709151503,0.00131499223562962,0.00257739554063395,0.0928185142281094,0.304661310684684,0.726699556445371
"E304",1991,1722,52231,0,0.985074626865672,0.985074626865672,243.069742499311,0,0.122084250376349,0.00692855604967558,0.0135879847673129,0.0955777338665908,0.309156487666992,2.53232080890004
"E305",9222,7474,45000,0,0.990196078431373,0.990196078431373,1499.64149323259,0,0.162615646631164,0.00353033682731138,0.00692024139587245,0.114936350769807,0.339022640497367,2.08480947264761
"E308",9835,8110,44387,0,0.991379310344828,0.991379310344828,1540.10254959466,0,0.156594056898287,0.00343114234754494,0.0067257432270138,0.115784876352658,0.340271768374425,2.17295454958065
"E311",38732,30878,15490,0,0.99537037037037,0.99537037037037,6957.04218040123,0,0.17962000878863,0.00181353883119267,0.00355458187625027,0.127386569208782,0.356912551206569,1.987042276713
"E312",5053,0,49169,0.0034965034965035,0.928571428571429,0.925074925074925,2512.14244553403,0.625,0.497158607863453,0.00353734023211796,0.00693472087863909,0.0632270567124431,0.251449908952943,0.505774022567069
"E330",53768,25658,454,0,0.991935483870968,0.991935483870968,20306.4658836163,0.593264248704663,0.377668239168581,0.00158473756947455,0.00310609848338477,0.135032587647549,0.36746780491296,0.972991019106937
"E332",223,0,53999,0.0178571428571429,0.981481481481482,0.963624338624339,107.346158283294,0.462962962962963,0.481372907099975,0.0196051837461891,0.0386360805952299,0.0857130002279695,0.292767826490497,0.608193403019444
"E340",52190,33195,2032,0,0.99438202247191,0.99438202247191,15445.6606208814,0,0.295950577138943,0.00172078162789177,0.0033727482365054,0.154539256354341,0.393114813196273,1.32831237227733
"E341",52578,26344,1644,0,0.991379310344828,0.991379310344828,19701.3659417456,0,0.374707405031488,0.00165055805481157,0.00323510881659344,0.143240448013527,0.378471198393651,1.01004461964622
"E342",36989,19789,17233,0,0.994505494505495,0.994505494505495,13980.7484967825,0,0.377970437070008,0.00212220618507553,0.00415958380521889,0.166589545052983,0.4081538252338,1.07985647871768
"E343",51349,41963,2873,0,0.993243243243243,0.993243243243243,8399.09134902408,0,0.16356874231288,0.00152820638045492,0.00299530007121714,0.119921211549121,0.346296421507819,2.11713079535337
"E344",52331,26991,1891,0,0.989010989010989,0.989010989010989,19262.5137773762,0,0.36808992332224,0.001671630858553,0.0032764120598255,0.146231115577591,0.382401772456132,1.03888139345059
"E347",48208,37650,6014,0,0.993670886075949,0.993670886075949,9296.27502716125,0,0.192836770394151,0.00166136105030933,0.0032562895816831,0.133059890967489,0.364773753123068,1.89161928182827
"E350",13978,10274,40244,0,0.988888888888889,0.988888888888889,3019.23979448222,0,0.21599941296911,0.00306385696402408,0.00600556936612134,0.131214554115072,0.362235495382592,1.67702074002578
"E351",52741,16692,1481,0,0.978571428571429,0.978571428571429,24094.7627801496,0.617416829745597,0.456850700217091,0.00137875693862235,0.00270237596170121,0.10025909546715,0.316637166907408,0.693086749690753
"E352",52698,26071,1524,0,0.992753623188406,0.992753623188406,19647.0280013924,0.593023255813954,0.372823029363399,0.00162450481746038,0.00318404406723873,0.139070860001066,0.372922056200845,1.00026561352075
"E353",37040,25666,17182,0,0.993150684931507,0.993150684931507,9285.43211893675,0,0.25068661228231,0.00197353603224676,0.00386818595035118,0.144265039190145,0.379822378474656,1.51512829112279
"E354",52507,25392,1715,0,0.990384615384615,0.990384615384615,19840.7974045343,0.59438202247191,0.377869567953497,0.00161649808296803,0.00316835106027773,0.137204259204929,0.37041093289066,0.980261350224013
"E359",48126,35594,6096,0,0.985294117647059,0.985294117647059,10935.3096902494,0,0.2272224928365,0.00174945330555879,0.00342895171112151,0.147293803625278,0.383788748695527,1.68904382618355
"E360",43570,34801,10652,0,0.991935483870968,0.991935483870968,7763.92851513013,0,0.178194365736289,0.0017050269576377,0.00334188426851276,0.12666308447764,0.355897575824337,1.99724370831697
"E362",35996,27936,18226,0,0.992537313432836,0.992537313432836,6869.80160809163,0,0.190849027894534,0.00188288993505036,0.00369052055660045,0.127615701172472,0.357233398735998,1.8718114662518
"E363",5297,0,48925,0.00423728813559322,0.997005988023952,0.992768699888359,2638.6177327363,0.5,0.498134365251331,0.00388080148948152,0.00760796989342355,0.0797761052034361,0.282446641338565,0.567008945861542
"E366",7381,0,46841,0.00387596899224806,0.996774193548387,0.992898224556139,3655.30315160562,0.5,0.495231425498662,0.00332538741019359,0.00651870866334339,0.0816205847391383,0.285693165370014,0.576888199456127
"E369",27605,0,26617,0.00123456790123455,0.998777506112469,0.997542938211235,13624.2115409599,0.49,0.493541443251581,0.00171614877750681,0.00336373728718117,0.0813013247255847,0.285133871585935,0.577730351695287
"E370",9145,0,45077,0.00471698113207547,0.996969696969697,0.992252715837621,4498.29775800832,0.493288590604027,0.491886031493528,0.00298763717773828,0.00585643646496687,0.0816280496585773,0.285706229646078,0.580838266088954
"E371",25481,0,28741,0.00141643059490082,0.998579545454545,0.997163114859645,12555.3672052423,0.491935483870968,0.492734476874625,0.00179502166225839,0.0035183449396799,0.0821024006308189,0.286535164736929,0.581520429734079
"E376",51533,0,2689,0.000140845070422557,0.994019138755981,0.993878293685558,24867.9468993209,0.466535433070866,0.48256353985448,0.00123348551078472,0.00241764396130151,0.0784067640784411,0.280012078450986,0.580259500200586
"E381",53438,21742,784,0,0.987179487179487,0.987179487179487,21229.3255008263,0.541313559322034,0.397270210352677,0.00146811168566269,0.00287751120568182,0.115177695985356,0.339378396462351,0.854275975440161
"E400",53378,13045,844,0,0.980349344978166,0.980349344978166,23679.70382104,0.519301470588235,0.443622912455319,0.00115401698673226,0.00226188302146754,0.0710864293680714,0.266620384382124,0.601006794050516
"E406",53376,25408,846,0,0.994623655913978,0.994623655913978,18144.8752339099,0.526100307062436,0.339944455071753,0.00144896603547992,0.00283998564561888,0.112063049281706,0.334758195242037,0.984743802252574
"E408",42263,1876,11959,0,0.833333333333333,0.833333333333333,20849.6327948935,0.501196172248804,0.49333063897247,0.000537893801983699,0.00105428267356308,0.012227942895126,0.110580029368444,0.224149932383614
"E411",51280,8933,2942,0,0.928571428571429,0.928571428571429,23930.5807467877,0.532467532467533,0.466664991162007,0.000981822710906915,0.001924382574758,0.0494326808522655,0.2223346146066,0.476433027583624
"E413",48746,0,5476,0.000143389733295096,0.875,0.874856610266705,24425.8146142519,0.503401360544218,0.501083465602344,0.000308164179854167,0.000604005691621051,0.0046291717744311,0.0680380171259502,0.135781804422868
"E416",54026,0,196,0.000426803243704699,0.998514851485149,0.998088048241444,26786.6404313721,0.569089048106448,0.49581017346041,0.00111353454170944,0.00218253649436048,0.0669900344198883,0.258824331197607,0.522023034322173
"E417",54027,7789,195,0,0.954545454545455,0.954545454545455,25383.2998770147,0.52679307502061,0.469826195735737,0.000867362428963319,0.00170003720886685,0.0406454620663118,0.201607197456618,0.429110167305392
"E419",7230,0,46992,0.00130890052356025,0.99869109947644,0.997382198952879,3708.26591576667,0.50602998696219,0.512899850036883,0.00323181392538878,0.00633529962628619,0.0755146116254753,0.274799220569265,0.535775591569199
"E420",34958,0,19264,0.000178253119429539,0.996951219512195,0.996772966392766,17330.6297594861,0.497147564547624,0.495755757179648,0.00152429914132958,0.00298767486502189,0.0812244890383982,0.284999103574727,0.574878051232498
"E421",54027,6791,195,0,0.981012658227848,0.981012658227848,25762.8316803706,0.512481644640235,0.476851050037399,0.000826956120566763,0.00162084052538911,0.0369467110919971,0.192215272785482,0.403092900331049
"E427",15549,0,38673,0.00232558139534884,0.997674418604651,0.995348837209302,7837.73815908738,0.5,0.504067024187239,0.00228889614989145,0.00448650327836754,0.0814619198009772,0.285415346120311,0.566224990774822
"E434",50190,41304,4032,0,0.996815286624204,0.996815286624204,8017.05884676743,0,0.159734187024655,0.00153936057358508,0.00301716404575362,0.118931778660756,0.344864870145911,2.15899223935501
"E438",2624,0,51598,0.00819672131147541,0.991803278688525,0.983606557377049,1356.00325835925,0.5,0.516769534435689,0.00546080693848506,0.0107079259832828,0.0782487621885229,0.279729802110041,0.541304747029071
"E440",18845,17468,35377,0,0.996323529411765,0.996323529411765,1263.91726708465,0,0.0670691041169884,0.00174159173443544,0.00341367633809983,0.0571595566453576,0.239080648830803,3.56469125357296
"E441",4678,0,49544,0.00390625,0.99618320610687,0.99227695610687,2328.74959141973,0.5,0.497808805348382,0.00417111134283186,0.00817734421979967,0.0813886384848584,0.285286940613934,0.57308536439865
"E443",52411,26598,1811,0,0.992857142857143,0.992857142857143,18894.384077127,0,0.360504170443743,0.00162005426085344,0.00317532133561022,0.137556642678821,0.370886293463133,1.02879889851652
"E444",53098,24383,1124,0,0.979166666666667,0.979166666666667,20967.1911661342,0.644230769230769,0.394877230143022,0.00159581570629545,0.00312781260985834,0.135220841249649,0.367723865488289,0.931235932127821
"E445",8100,0,46122,0.00595238095238095,0.995934959349594,0.989982578397213,4060.065916352,0.5,0.50124270572247,0.00314065329557088,0.00615648740849998,0.0798959952961399,0.282658796601379,0.563916029848189
"E446",52781,36800,1441,0,0.992063492063492,0.992063492063492,13372.79626684,0,0.253363829158977,0.0016782160328551,0.00328931841415075,0.148652886222798,0.385555295934057,1.52174561465178
"E447",2947,0,51275,0.00462962962962963,0.992647058823529,0.9880174291939,1497.45623066205,0.5,0.508129022959638,0.00518205044720319,0.0101608067828209,0.0791376972296964,0.281314232184752,0.553627562043621
"E451",20646,17393,33576,0,0.99375,0.99375,2972.95232028046,0,0.143996528154629,0.00231983757078398,0.00454706467148047,0.111109470641633,0.333330872620033,2.31485353773315
"E452",4689,0,49533,0.0072463768115942,0.977272727272727,0.970026350461133,2362.00233063109,0.543478260869565,0.503732636091082,0.00383070646305967,0.00750998564951354,0.06880784899673,0.26231250255512,0.520737557507968
"E454",52202,34353,2020,0,0.982758620689655,0.982758620689655,14856.6313967788,0,0.284598892701024,0.00173140408017929,0.00339356832518233,0.156489072158748,0.395586996953576,1.38998080139808
"E467",5562,0,48660,0.00462962962962965,0.944444444444444,0.939814814814815,2798.81355596156,0.571428571428571,0.503202724912183,0.00312329723521765,0.00612288274889893,0.0542572300157605,0.232931814091078,0.46289855471615
"E471",53482,12884,740,0,0.988095238095238,0.988095238095238,24658.0992052536,0.570640176600442,0.461054171595183,0.00114963844329402,0.00225330094005789,0.0706854774071183,0.265867405687719,0.576651122725677
"E480",49981,40033,4241,0,0.99537037037037,0.99537037037037,8801.95049705609,0,0.176105930194596,0.00158291064109112,0.00310252298099262,0.125232698368119,0.353882322768628,2.00948555439099
"E481",4183,3884,50039,0,0.995833333333333,0.995833333333333,281.051473958806,0,0.0671889729760474,0.00374716318003694,0.00734643108868228,0.0587344730286,0.24235196105788,3.60701987726881
"E483",45769,37950,8453,0,0.994444444444444,0.994444444444444,7151.76641080011,0,0.156257869099174,0.00161048623357036,0.00315657849314147,0.118709494967036,0.344542442910937,2.20496058788733
"E487",19574,0,34648,0.00609756097560976,0.998520710059172,0.992423149083562,10274.0565250233,0.5,0.524882830541701,0.00197062057672091,0.00386258421367873,0.0760126039830665,0.275703833820037,0.525267388791322
"E490",17837,0,36385,0.00151057401812693,0.997959183673469,0.996448609655342,8981.47993742599,0.5,0.503530859305152,0.00215259117439411,0.00421928749902185,0.0826503930048847,0.287489813741087,0.570947755094511
"E495",28721,0,25501,0.00102459016393443,0.998989898989899,0.997965308825965,13909.6900498302,0.479166666666667,0.484303821239868,0.00168981391057702,0.003312113989672,0.0820119840953947,0.286377345639271,0.591317542996287
"E496",19269,0,34953,0.00152905198776758,0.998470948012232,0.996941896024465,9319.04466340178,0.48,0.483628868306699,0.00207943334688477,0.00407587050325717,0.0833199854174646,0.288652014400497,0.596846121719609
"E497",53971,0,251,0.000777604976671897,0.780487804878049,0.779710199901377,26969.4740586473,0.507692307692308,0.499703063842569,0.000450461347744601,0.000882907818637771,0.0109515484464931,0.104649646184271,0.209423663284243
"E498",53970,9201,252,0,0.961538461538462,0.961538461538462,26315.0822880665,0.553140096618358,0.487587220457041,0.000986660130128472,0.0019338616908026,0.0525396985224256,0.229215397655624,0.470101323494016
"E499",20618,0,33604,0.00161290322580643,0.994736842105263,0.993123938879457,10318.732834746,0.5,0.500472055230673,0.00199907737098315,0.00391834968423365,0.0823959264906778,0.287046906429381,0.573552316116987
"E500",11231,0,42991,0.00354609929078009,0.988888888888889,0.985342789598109,5526.01275307771,0.5,0.492032121189361,0.00265567518948615,0.00520558878118246,0.0792078709070591,0.281438929267184,0.571993000348998
"E501",47880,0,6342,0.000697350069735007,0.999312242090784,0.998614892021049,23790.4166860384,0.494379614086388,0.496875870635723,0.00128035203363724,0.00250950731291885,0.0784897476822685,0.280160217879464,0.563843475677366
"E502",21647,0,32575,0.00141242937853103,0.998587570621469,0.997175141242938,10625.512335454,0.49163179916318,0.490853805860117,0.00193281453910798,0.00378845872192312,0.0808682574058848,0.28437344708303,0.579344488497396
"E503",53970,12280,252,0,0.964285714285714,0.964285714285714,25909.8501604782,0.589337175792507,0.480078750425758,0.00114893362935653,0.00225191903801573,0.0712430167174435,0.266913875093528,0.555979357255066
"E504",7943,0,46279,0.00515463917525773,0.994845360824742,0.989690721649485,3927.14758832883,0.5,0.494416163707519,0.00319432027677052,0.00626170698230169,0.081047846368955,0.28468903450775,0.575808509925988
"isin",NA,NA,NA,NA,NA,NA,NA,NA,NA,NA,NA,NA,NA,NA
"fyear",54222,0,0,2002,2023,21,109311266,2017,2015.99472538822,0.0219605587025949,0.0430428649744973,26.1494345633801,5.11365178354765,0.00253654025933174
"gvkey",54222,0,0,1004,353138,352134,8323928035,163946,153515.695381948,459.156205484733,899.949715420791,11431321757.3672,106917.35947622,0.696458816215558
"curcd",NA,NA,NA,NA,NA,NA,NA,NA,NA,NA,NA,NA,NA,NA
"conm",NA,NA,NA,NA,NA,NA,NA,NA,NA,NA,NA,NA,NA,NA
"fic",NA,NA,NA,NA,NA,NA,NA,NA,NA,NA,NA,NA,NA,NA
"gsector",54220,0,2,10,60,50,1545425,25,28.5028587237182,0.0563183801721379,0.110384460985568,171.972824229474,13.1138409411382,0.460088620171484
"ggroup",54220,0,2,1010,6020,5010,155459700,2530,2867.20213943194,5.63480208062012,11.0442556857721,1721538.92112639,1312.07428186303,0.457614851711496
"loc",NA,NA,NA,NA,NA,NA,NA,NA,NA,NA,NA,NA,NA,NA
"act",54207,5,15,0,218470581,218470581,23467306268.72,3078.4,432920.218213884,16693.5311523743,32719.450425137,15106080560449.1,3886654.16012913,8.97776078965417
"ap",54188,251,34,0,42263000,42263000,4535620344.738,610.0385,83701.5639023031,2929.63616942929,5742.10964024866,465083037002.351,681969.967815556,8.14763710522249
"at",54222,0,0,0.588,448424507,448424506.412,65607900655.207,9192.9415,1209986.73334084,43869.3024957006,85984.1723254834,104351090364525,10215238.1452674,8.442438139022
"caps",54069,11255,153,-11613578,20640641,32254219,3720384077.2136,567.3,68808.0799943332,2537.12393728108,4972.78286191823,348042038001.975,589950.877617768,8.57386047781532
"capx",54063,40,159,0,49430428,49430428,3811877526.534,341.812,70508.0651560957,3523.26695478869,6905.63094566126,671106186706.309,819210.709589608,11.618680895242
"ceq",54222,0,0,0.001,345066675,345066674.999,26373940178.538,3482.102,486406.627910037,21014.5113752552,41188.604892974,23944960521211,4893358.8179502,10.0602223266893
"ch",53215,106,1007,-28,63947000,63947028,5314494223.193,639,99868.3495855116,4392.4542582416,8609.24796914838,1026711819467.78,1013267.89126459,10.1460362113723
"cogs",54175,535,47,-53513.001,205198000,205251513.001,32871467839.239,3721.889,606764.519413733,20799.1199504563,40766.4368233292,23436288691902.1,4841104.07778041,7.97855497954622
"cstk",54130,580,92,-1236,58147857,58149093,2431133604.9084,311,44912.8691097063,2428.42592871752,4759.7337905573,319218277352.312,564994.050722937,12.5797808495123
"csho",54222,0,0,0.001,153855000,153854999.999,4515499352.255,886.0205,83277.9932915606,4704.56460470042,9220.98302626479,1200091628511.8,1095486.93671435,13.1545789399487
"dltt",54222,65,0,0,85854645,85854645,12011467876.784,1474.5055,221523.881022168,8638.50770928685,16931.5419497069,4046252520972.49,2011529.89561987,9.08042007181417
"dlc",54221,2181,1,-29,46748670.4,46748699.4,6219883963.391,296,114713.560491157,4727.64961551884,9266.2298299017,1211875726170.29,1100852.27263711,9.59653128996877
"dp",53968,31,254,-700,39107659,39108359,3026370930.308,305.129,56077.1370128224,2761.90260630093,5413.3510470288,411673624969.146,641617.974318944,11.4417034908939
"dpact",53401,38,821,-289060,259417268,259706328,22171229431.586,1804.805,415183.787411959,18671.7088547597,36596.7063859831,18617335429850.7,4314781.04077724,10.3924603310581
"dpc",53943,7,279,-3.233,39107659,39107662.233,3035768722.226,319.082,56277.3431627088,2765.32555886938,5420.06011759227,412503493662.505,642264.348740069,11.4124852497595
"ebit",54197,3,25,-12936681.898,58886669,71823350.898,4653334245.256,590.2,85859.6277516468,4574.58790637622,8966.22778419847,1134172734049.93,1064975.46171258,12.4036813296358
"ebitda",54186,2,36,-10887258.957,85881217,96768475.957,7678815721.04,973.648,141712.171428782,7035.89318577137,13790.4052880934,2682412523248.95,1637807.23018582,11.5572798982119
"emp",46551,35,7671,0,2300,2300,1236193.675,8.5,26.5556846254645,0.325753853613304,0.638482422330349,4939.78604542253,70.2836114995703,2.64665033083631
"fiao",48705,7404,5517,-12305000,29749176,42054176,-63620177.798,-3.021,-1306.23504358895,985.655730221729,1931.89774281747,47317746127.9644,217526.42627498,-166.529314415968
"fincf",54165,14,57,-40837000,33330962,74167962,-582323713.783,-97,-10750.9224366842,2825.82539597801,5538.63977074496,432523187814.742,657664.951031102,-61.1728858527547
"fopo",54162,271,60,-20466783.439,17167711,37634494.439,1190605106.288,77.8955,21982.2958215723,1642.42183429207,3219.15958288057,146104675031.048,382236.412487152,17.3883754267397
"gdwl",53774,11931,448,0,56462875,56462875,1936019987.379,267.4235,36002.9007955332,2768.25393538006,5425.80014150904,412082521994.079,641936.540472716,17.8301338583351
"ib",54222,10,0,-12907117.625,54730018,67637135.625,2936161474.773,321.7005,54150.7409312272,3273.11873401545,6415.33804406702,580896891322.822,762165.921124017,14.0748936767456
"ibc",54055,6,167,-13278992.876,55654077,68933069.876,3296345077.97,339.8,60981.3167694015,3675.2380378111,7203.49548767009,730141135871.875,854482.964061821,14.0122091376448
"icapt",54222,0,0,0.209,358846369,358846368.791,42000460687.427,5993.8675,774601.834816624,29431.4784223515,57685.925430641,46967742841480.2,6853301.6015261,8.84751532140189
"intan",53724,3083,498,-390018.3,83586157,83976175.3,4676210729.65,883.8695,87041.3731228129,5427.32945691564,10637.6099301798,1582489042041.47,1257970.20713587,14.4525547105158
"invrm",47650,11437,6572,0,28969450,28969450,1476246075.967,86.1255,30981.0299258552,1698.75117185734,3329.57569231917,137506251666.201,370818.354003952,11.9692067982054
"invt",54222,365,0,0,52187866,52187866,5281718158.541,593,97409.1357482387,3926.00657057531,7695.00325537229,835752293104.297,914194.887922864,9.38510418864273
"invwip",47466,13603,6756,-796.152,20077519,20078315.152,980484291.101,34.673,20656.5602979185,1068.80704360295,2094.876731536,54222713732.7463,232857.711344817,11.2728212241746
"lct",54222,5,0,0,119198000,119198000,17922768058.806,2077.416,330544.208232931,11592.5261835377,22721.4410156321,7286713658320.53,2699391.34960467,8.16650627168889
"lt",54222,5,0,0,181319145,181319145,35618901004.335,5019.015,656908.653394102,23086.8121770859,45250.3304987621,28900374610025.2,5375906.86396493,8.18364446287745
"nopi",54222,634,0,-6675350,11106000,17781350,449635342.732,7.327,8292.48907697982,845.048442003665,1656.3014847967,38720302668.9643,196774.751096182,23.7292746809198
"oancf",54183,2,39,-18088718.313,73354000,91442718.313,5829969033.894,677.452,107597.752688002,5756.88041117283,11283.5303304349,1795715217690,1340042.99098574,12.4541912587284
"pi",54222,9,0,-12965223.09,61159958,74125181.09,4422300657.115,452.32,81559.1578531777,4670.3791640631,9153.97929810955,1182714204971.21,1087526.64563734,13.3342064124191
"ppegt",53401,37,821,-111974,427462656,427574630,45400428041.895,4397.8,850179.360721616,36494.0559951997,71528.6566686953,71120312783296.2,8433286.00151188,9.91941982025283
"ppent",54216,38,6,0,193665000,193665000,24413421453.793,2398.7335,450299.200490501,18825.4060064472,36897.9415233054,19213928727451.6,4383369.56318442,9.73434898043282
"prcc_f",54222,0,0,0.0001849921834289,135641.021978022,135641.02179303,3667781.01996435,14.2352941176471,67.6437796459805,5.29276308097397,10.3738565908821,1518939.37740029,1232.45258626865,18.2197475173445
"re",54099,1493,123,-21030149.141,181523000,202553149.141,11011620064.29,1409.9,203545.722920756,11107.522247201,21770.830652734,6674575053488.21,2583519.8960891,12.6925776627343
"rect",54186,151,36,-1360.427,78004000,78005360.427,7891682911.892,960.4105,145640.625104123,5770.03782585479,11309.3189514422,1804032732228.13,1343142.85622495,9.22230905878563
"rectr",53603,520,619,-13.143,66263000,66263013.143,6759553712.584,815.7,126104.018666567,5118.56499547977,10032.4295817449,1404382927177,1185066.6340662,9.39753266071281
"revt",54222,2,0,0,608481,608481,495238089.435735,2720.73611111111,9133.52678683441,101.933712193576,199.790864600313,563392697.7377,23735.8947111269,2.59876554425188
"sale",54222,2,0,0,302231360,302231360,47408534558.556,6364,874341.310880381,30617.7172010553,60010.9626152928,50830121459271.2,7129524.63066586,8.1541665044822
"seq",54222,0,0,0.001,345186142,345186141.999,26390344466.996,3497.464,486709.167256759,21025.3959449928,41209.938733878,23969771765731.8,4895893.35726707,10.0591763760313
"teq",48644,0,5578,-1020,354749604,354750624,27796749418.213,3489.858,571432.230454177,25825.6362755185,50618.5764995154,32443771960636.9,5695943.46536523,9.96783723738871
"txc",51022,4471,3200,-1654305,11357000,13011305,748015709.294,81.1135,14660.6504898671,976.177252747871,1913.31764728639,48619987752.5346,220499.405333744,15.0402197696579
"txp",53596,9232,626,-1799.441,8720050,8721849.441,611172503.065,34.4025,11403.3230663669,545.529295010717,1069.24191798847,15950288139.0713,126294.450151506,11.0752321421113
"txt",54221,705,1,-9213603,16815101,26028704,1146584567.781,105.532,21146.5035278029,1139.73938076803,2233.89800583336,70433396522.1606,265392.909705894,12.5502028908449
"wcap",54207,5,15,-29913851,140125729,170039580,5545408708.914,518.4,102300.601562787,7580.86539340648,14858.5549189766,3115250276762.57,1765007.16054144,17.2531454710769
"xacc",51226,5327,2996,0,29211487,29211487,2162138811.258,224.764,42207.8399886386,2538.00121079738,4974.50850550323,329969725179.457,574429.913200433,13.60955484467
"xint",53571,262,651,-901,5415207,5416108,686896029.987,94,12822.1618037184,579.303055725657,1135.43877953765,17978000659.1165,134082.066881133,10.4570562229412
"xopr",54197,6,25,-570.912,243662000,243662570.912,39724003398.469,5100,732955.761360758,24903.2564326044,48810.5757967422,33611471690841.6,5797540.14137389,7.90980908671835
"xsga",52437,1425,1785,-275729.248,66573857,66849586.248,6472811568.216,820,123439.77665038,5039.11357826437,9876.70910847548,1331515208932.8,1153912.99885771,9.34798352824268
"opeps",53801,45,421,-58529,3880833333.33,3880891862.33,3897282556.77245,1.4752,72438.8497755144,72133.1040091358,141381.466677229,279936539721507,16731304.1847164,230.971422607704
"ni",53795,8,427,-12907117.625,48099117,61006234.625,2886494050.6671,324.132,53657.2925117037,3131.72154523637,6138.19954767475,527604136825.911,726363.639526313,13.5370907760185
"source",NA,NA,NA,NA,NA,NA,NA,NA,NA,NA,NA,NA,NA,NA
"ROAib",54222,10,0,-16.9574829931973,2.51824473845285,19.4757277316501,2027.00353896143,0.041550418538244,0.0373834151997608,0.000575563828297743,0.00112810955682549,0.0179623236699554,0.134023593706315,3.58510834256718
"ROAni",53795,8,427,-6.58199513381995,4.07594846751982,10.6579436013398,2050.49900296104,0.0416193216159369,0.0381169068307658,0.000495465730442264,0.000971116837355825,0.0132059349728463,0.11491707868218,3.01485845093352
"ROEib",54222,10,0,-31837,228.449055205632,32065.4490552056,-28413.8040933571,0.102824958878709,-0.524027223144796,0.587329142419805,1.15116966353756,18704.1782887024,136.763219795025,-260.984952221148
"ROEni",53795,8,427,-31837,228.449055205632,32065.4490552056,-28299.0176422848,0.102884942900093,-0.52605293507361,0.591989704241348,1.16030460636885,18852.5551150638,137.304607042385,-261.00910742599
"ROEmib",54222,10,0,-476415.008933889,9459872.38841406,9936287.39734794,50246278.298951,0.0314752863600705,926.676963205912,231.06611955109,452.89138216886,2894996711.0937,53805.1736461625,58.0624918742117
"ROEmni",53795,8,427,-476415.008933889,9459839.51448243,9936254.52341632,49514828.4554211,0.0316420466069367,920.435513624336,232.522050999716,455.745099829153,2908507593.49894,53930.581245699,58.5924602510613
"ROIib",54222,10,0,-31.8633686690224,6.72115384615385,38.5845225151762,2981.39700250399,0.0649511562848741,0.0549850061322708,0.00145794771319072,0.00285758879856412,0.115254908618131,0.339492133367079,6.17426744575428
"ROIni",53795,8,427,-31.8633686690224,6.72115384615385,38.5845225151762,3040.59633531327,0.065174860942395,0.0565219134736178,0.00132510944812824,0.00259722523143621,0.0944594500888597,0.307342561466614,5.43758239200571
"TQ",54222,0,0,0.0284681031921255,5062.18771948521,5062.15925138202,920910.036951763,1.62306671373931,16.9840661899554,0.329578757258009,0.645976914305136,5889.71060963593,76.7444500249753,4.51861463365957
"LR",54221,28,1,0,13380,13380,91787.919851177,0.58442561073588,1.69284815571784,0.256968063093223,0.503659392132249,3580.35281567807,59.8360494658368,35.346377206799
"CR",54202,0,20,0.0155484120205138,72.8615916955017,72.8460432834812,104587.479723782,1.50183131328624,1.92958709501093,0.00789423085947057,0.0154727536927592,3.3778079805156,1.83788138369036,0.95247391964961
"QR",53179,1,1043,0,935718.533333333,935718.533333333,11221682.845391,1.8576915733555,211.017184328231,29.8575930696488,58.5211390589574,47407794.9670157,6885.33187050673,32.6292471981656
"REAT",54099,1493,123,-78.9312612074118,2.82975460122699,81.7610158086388,7423.90516733439,0.201406372403989,0.137228140396946,0.0043471501863142,0.00852044843323149,1.02234746984756,1.01111199668858,7.36810973145765
"XSGASALE",52436,1424,1786,-31.4531548855748,27629.8860638298,27661.3392187154,1337901.94175824,0.297053400588608,25.5149504492762,1.35542394627281,2.65664344213943,96334.0597510678,310.377286139092,12.1645263139399
"MKTSHR",54222,2,0,0,100,100,46978.4886004493,0.166712654716023,0.866410102918543,0.0162435283571105,0.0318374412624534,14.3065947197601,3.78240594328003,4.36560692279421
"invtL1",46926,386,7296,0,43018974,43018974,4523128767.169,611.3025,96388.5429648596,3986.713760357,7814.01693851306,745836522921.015,863618.273846157,8.95976064459244
"wcapL1",46912,6,7310,-29913851,130046052,159959903,4776337309.975,534.9425,101814.830106902,7838.31424939986,15363.2100189216,2882234355816.24,1697714.45061183,16.6745301134352
"revtL1",46926,2,7296,0,569962,569962,445043298.930981,2927.94878294574,9483.93851875252,110.049234955522,215.698100667215,568313001.647444,23839.3162999161,2.51365150172355
"INV",54222,207,0,0,46786135,46786135,5103383613.113,579.51175,94120.165488418,3748.26730296701,7346.63291562196,761792410548.484,872807.201246921,9.27332837461198
"INVTURN",53977,337,245,-314.34375,148253.5,148567.84375,2944252.53908468,5.78814772401947,54.5464279060466,4.9151304931318,9.63369477297029,1304003.77360518,1141.92984618372,20.935006929338
"WCAP",54207,5,15,-27146853.1305,135085890.5,162232743.6305,5305421999.6015,513.55,97873.3742801022,7158.71776255226,14031.1422910702,2777959138890.39,1666721.0741124,17.029361523211
"REVGRW",46924,3,7298,-0.999810838857686,9072.1240375678,9073.12384840666,28384.0999876917,0.051757411177559,0.604895149341311,0.225242071286038,0.441477735304553,2380.64177853809,48.7918208159737,80.6616169250235
"ELI",53854,0,368,-7.67730960633726,8.1954829055622,15.8727925118995,64.0961917782298,-0.156640294960561,0.00119018442043729,0.00425950679963965,0.00834866755830151,0.977094565379804,0.988480938298662,830.527539534989
"missESG",54222,52870,0,0,3,3,1765,0,0.0325513629154218,0.000951828362597322,0.00186559095535818,0.0491238974650833,0.221639115376964,6.80890431386388
"upstreamness",16756,8606,37466,0,8,8,13332,0,0.795655287658152,0.00773158713805679,0.0151547270951445,1.00163077916691,1.00081505742415,1.2578500676717
"byrs_n",12901,0,41321,1,215,214,206892,11,16.0368963646229,0.14997262120738,0.293968518291726,290.166545529491,17.0342756091796,1.06219278480573
"byrs_emp_mu",12498,7,41724,0,2300,2300,948653.10230878,56.4449545,75.9043928875644,0.787592745574229,1.54380293661594,7752.53855634864,88.0485011590126,1.15999216658563
"byrs_emp_sd",11238,3,42984,0,1514.6227,1514.6227,1085367.41731801,70.179818,96.5801225589971,1.16396956357365,2.28158417825682,15225.5249786766,123.391754095145,1.27761024552199
"byrs_ass_mu",12680,0,41542,5.545,7.35e+08,734999994.455,67636648110.9326,358079.935,5334120.51348049,179439.312311766,351728.166217017,408276559061020,20205854.5738858,3.78803863220209
"byrs_ass_sd",11556,2,42666,0,580100000,580100000,156138824362.15,878633.11,13511493.9738793,317387.473779608,622133.184927092,1164091447166999,34118784.3741098,2.52516741968496
"byrs_loc_n",12901,0,41321,1,37,36,76992,5,5.96790946438261,0.041436306831206,0.0812212897566634,22.1505980246709,4.70644218329206,0.788624929949226
"sply_n",36807,0,17415,1,569,568,324418,4,8.81402993995707,0.0987059415130832,0.193466452563315,358.605554391648,18.9368834392476,2.14849320551999
"sply_emp_mu",34403,33,19819,0,671.205,671.205,771635.58335536,10.567818,22.4293109134482,0.220184531478821,0.431568935521287,1667.89968353135,40.8399275652069,1.82082845624651
"sply_emp_sd",25198,23,29024,0,935.90031,935.90031,805621.19390696,15.1402505,31.971632427453,0.287189364564604,0.562907851145047,2078.27386873709,45.5880891103926,1.42589181875016
"sply_ass_mu",35610,0,18612,0.006,4.48e+08,447999999.994,74934836321.1559,14620.0705,2104320.0314843,76117.8420929268,149193.300222375,206321700760710,14363902.6995002,6.82591168861732
"sply_ass_sd",26636,21,27586,0,4.42e+08,4.42e+08,127051987096.316,33645.6355,4769934.94129433,126415.638058977,247781.357508464,425667613207478,20631713.7729147,4.32536586490973
"sply_loc_n",36807,0,17415,1,44,43,136122,2,3.69826391718966,0.0208265910777762,0.0408207108208383,15.9649219981609,3.99561284387775,1.08040230047023
"E1.AVG",54220,0,2,0.216656310493721,0.604726916210974,0.388070605717253,23520.6463773579,0.435883994946481,0.433800191393544,0.000192971881887219,0.000378226381909143,0.00201905234113492,0.0449338663052148,0.103581942093822
"WCAP.AVG",54220,0,2,-65676.5996659292,286775.030450166,352451.630116095,4570464752.95268,78586.9900217687,84294.8128541623,288.163754073406,564.803188084363,4502339291.54621,67099.473109304,0.796009515145282
"INV.AVG",54220,0,2,10.4911666666667,299761.71447774,299751.223311073,4638103731.04756,82045.1659097561,85542.3041506375,240.9620030774,472.287390837644,3148158885.18589,56108.4564498605,0.65591471970471
